--
-- PostgreSQL database dump
--

\restrict SU4KsAXvZbqBDtMurqLanKBulNccEBEw9popgeZnqW6hu6S5hFZGqanAqhrCBUJ

-- Dumped from database version 16.13
-- Dumped by pg_dump version 16.13

-- Started on 2026-06-06 17:00:17

SET statement_timeout = 0;
SET lock_timeout = 0;
SET idle_in_transaction_session_timeout = 0;
SET client_encoding = 'UTF8';
SET standard_conforming_strings = on;
SELECT pg_catalog.set_config('search_path', '', false);
SET check_function_bodies = false;
SET xmloption = content;
SET client_min_messages = warning;
SET row_security = off;

SET default_tablespace = '';

SET default_table_access_method = heap;

--
-- TOC entry 222 (class 1259 OID 16493)
-- Name: activity_logs; Type: TABLE; Schema: public; Owner: postgres
--

CREATE TABLE public.activity_logs (
    id bigint NOT NULL,
    action character varying(50) NOT NULL,
    created_at timestamp(6) without time zone NOT NULL,
    detail text,
    target_id bigint,
    target_type character varying(50),
    user_id bigint,
    user_name character varying(100)
);


ALTER TABLE public.activity_logs OWNER TO postgres;

--
-- TOC entry 221 (class 1259 OID 16492)
-- Name: activity_logs_id_seq; Type: SEQUENCE; Schema: public; Owner: postgres
--

ALTER TABLE public.activity_logs ALTER COLUMN id ADD GENERATED BY DEFAULT AS IDENTITY (
    SEQUENCE NAME public.activity_logs_id_seq
    START WITH 1
    INCREMENT BY 1
    NO MINVALUE
    NO MAXVALUE
    CACHE 1
);


--
-- TOC entry 220 (class 1259 OID 16444)
-- Name: borrow_requests; Type: TABLE; Schema: public; Owner: postgres
--

CREATE TABLE public.borrow_requests (
    id bigint NOT NULL,
    user_id bigint NOT NULL,
    equipment_id bigint NOT NULL,
    start_date date NOT NULL,
    end_date date NOT NULL,
    status character varying(255) DEFAULT 'PENDING'::character varying NOT NULL,
    note text,
    reason text,
    penalty_applied boolean DEFAULT false NOT NULL,
    created_at timestamp without time zone DEFAULT now() NOT NULL
);


ALTER TABLE public.borrow_requests OWNER TO postgres;

--
-- TOC entry 219 (class 1259 OID 16443)
-- Name: borrow_requests_id_seq; Type: SEQUENCE; Schema: public; Owner: postgres
--

CREATE SEQUENCE public.borrow_requests_id_seq
    START WITH 1
    INCREMENT BY 1
    NO MINVALUE
    NO MAXVALUE
    CACHE 1;


ALTER SEQUENCE public.borrow_requests_id_seq OWNER TO postgres;

--
-- TOC entry 4986 (class 0 OID 0)
-- Dependencies: 219
-- Name: borrow_requests_id_seq; Type: SEQUENCE OWNED BY; Schema: public; Owner: postgres
--

ALTER SEQUENCE public.borrow_requests_id_seq OWNED BY public.borrow_requests.id;


--
-- TOC entry 216 (class 1259 OID 16400)
-- Name: equipments; Type: TABLE; Schema: public; Owner: postgres
--

CREATE TABLE public.equipments (
    id bigint NOT NULL,
    name character varying(255) NOT NULL,
    description text,
    total_quantity integer NOT NULL,
    available_quantity integer NOT NULL,
    image_url character varying(255),
    is_deleted boolean DEFAULT false NOT NULL,
    created_at timestamp without time zone DEFAULT now() NOT NULL,
    category character varying(255),
    CONSTRAINT equipments_available_quantity_check CHECK ((available_quantity >= 0)),
    CONSTRAINT equipments_total_quantity_check CHECK ((total_quantity >= 0))
);


ALTER TABLE public.equipments OWNER TO postgres;

--
-- TOC entry 215 (class 1259 OID 16399)
-- Name: equipments_id_seq; Type: SEQUENCE; Schema: public; Owner: postgres
--

CREATE SEQUENCE public.equipments_id_seq
    START WITH 1
    INCREMENT BY 1
    NO MINVALUE
    NO MAXVALUE
    CACHE 1;


ALTER SEQUENCE public.equipments_id_seq OWNER TO postgres;

--
-- TOC entry 4987 (class 0 OID 0)
-- Dependencies: 215
-- Name: equipments_id_seq; Type: SEQUENCE OWNED BY; Schema: public; Owner: postgres
--

ALTER SEQUENCE public.equipments_id_seq OWNED BY public.equipments.id;


--
-- TOC entry 224 (class 1259 OID 16502)
-- Name: notification_logs; Type: TABLE; Schema: public; Owner: postgres
--

CREATE TABLE public.notification_logs (
    id bigint NOT NULL,
    body text NOT NULL,
    created_at timestamp(6) without time zone NOT NULL,
    error_message text,
    retry_count integer,
    status character varying(20) NOT NULL,
    subject character varying(255) NOT NULL,
    to_email character varying(255) NOT NULL,
    updated_at timestamp(6) without time zone,
    CONSTRAINT notification_logs_status_check CHECK (((status)::text = ANY ((ARRAY['SUCCESS'::character varying, 'FAILED'::character varying, 'RETRYING'::character varying])::text[])))
);


ALTER TABLE public.notification_logs OWNER TO postgres;

--
-- TOC entry 223 (class 1259 OID 16501)
-- Name: notification_logs_id_seq; Type: SEQUENCE; Schema: public; Owner: postgres
--

ALTER TABLE public.notification_logs ALTER COLUMN id ADD GENERATED BY DEFAULT AS IDENTITY (
    SEQUENCE NAME public.notification_logs_id_seq
    START WITH 1
    INCREMENT BY 1
    NO MINVALUE
    NO MAXVALUE
    CACHE 1
);


--
-- TOC entry 226 (class 1259 OID 16511)
-- Name: notifications; Type: TABLE; Schema: public; Owner: postgres
--

CREATE TABLE public.notifications (
    id bigint NOT NULL,
    created_at timestamp(6) without time zone NOT NULL,
    link character varying(255),
    message text NOT NULL,
    read_at timestamp(6) without time zone,
    recipient_email character varying(255) NOT NULL,
    user_id bigint NOT NULL,
    status character varying(20) NOT NULL,
    title character varying(255) NOT NULL,
    type character varying(40) NOT NULL,
    CONSTRAINT notifications_status_check CHECK (((status)::text = ANY ((ARRAY['UNREAD'::character varying, 'READ'::character varying])::text[]))),
    CONSTRAINT notifications_type_check CHECK (((type)::text = ANY ((ARRAY['REQUEST_APPROVED'::character varying, 'REQUEST_REJECTED'::character varying, 'REQUEST_RETURNED'::character varying, 'REQUEST_DUE_SOON'::character varying, 'REQUEST_OVERDUE'::character varying, 'SYSTEM_ANNOUNCEMENT'::character varying])::text[])))
);


ALTER TABLE public.notifications OWNER TO postgres;

--
-- TOC entry 225 (class 1259 OID 16510)
-- Name: notifications_id_seq; Type: SEQUENCE; Schema: public; Owner: postgres
--

ALTER TABLE public.notifications ALTER COLUMN id ADD GENERATED BY DEFAULT AS IDENTITY (
    SEQUENCE NAME public.notifications_id_seq
    START WITH 1
    INCREMENT BY 1
    NO MINVALUE
    NO MAXVALUE
    CACHE 1
);


--
-- TOC entry 228 (class 1259 OID 16531)
-- Name: penalties; Type: TABLE; Schema: public; Owner: postgres
--

CREATE TABLE public.penalties (
    id bigint NOT NULL,
    created_at timestamp(6) without time zone,
    points integer NOT NULL,
    reason character varying(255) NOT NULL,
    borrow_request_id bigint,
    user_id bigint NOT NULL,
    type character varying(20),
    CONSTRAINT penalties_type_check CHECK (((type)::text = ANY ((ARRAY['AUTO'::character varying, 'MANUAL_ADJUSTMENT'::character varying])::text[])))
);


ALTER TABLE public.penalties OWNER TO postgres;

--
-- TOC entry 227 (class 1259 OID 16530)
-- Name: penalties_id_seq; Type: SEQUENCE; Schema: public; Owner: postgres
--

ALTER TABLE public.penalties ALTER COLUMN id ADD GENERATED BY DEFAULT AS IDENTITY (
    SEQUENCE NAME public.penalties_id_seq
    START WITH 1
    INCREMENT BY 1
    NO MINVALUE
    NO MAXVALUE
    CACHE 1
);


--
-- TOC entry 218 (class 1259 OID 16426)
-- Name: users; Type: TABLE; Schema: public; Owner: postgres
--

CREATE TABLE public.users (
    id bigint NOT NULL,
    full_name character varying(255) NOT NULL,
    student_code character varying(255) NOT NULL,
    email character varying(255) NOT NULL,
    password character varying(255) NOT NULL,
    role character varying(255) DEFAULT 'STUDENT'::character varying NOT NULL,
    penalty_point integer DEFAULT 0 NOT NULL,
    is_locked boolean DEFAULT false NOT NULL,
    is_deleted boolean DEFAULT false NOT NULL,
    created_at timestamp without time zone DEFAULT now() NOT NULL
);


ALTER TABLE public.users OWNER TO postgres;

--
-- TOC entry 217 (class 1259 OID 16425)
-- Name: users_id_seq; Type: SEQUENCE; Schema: public; Owner: postgres
--

CREATE SEQUENCE public.users_id_seq
    START WITH 1
    INCREMENT BY 1
    NO MINVALUE
    NO MAXVALUE
    CACHE 1;


ALTER SEQUENCE public.users_id_seq OWNER TO postgres;

--
-- TOC entry 4988 (class 0 OID 0)
-- Dependencies: 217
-- Name: users_id_seq; Type: SEQUENCE OWNED BY; Schema: public; Owner: postgres
--

ALTER SEQUENCE public.users_id_seq OWNED BY public.users.id;


--
-- TOC entry 4774 (class 2604 OID 16447)
-- Name: borrow_requests id; Type: DEFAULT; Schema: public; Owner: postgres
--

ALTER TABLE ONLY public.borrow_requests ALTER COLUMN id SET DEFAULT nextval('public.borrow_requests_id_seq'::regclass);


--
-- TOC entry 4765 (class 2604 OID 16403)
-- Name: equipments id; Type: DEFAULT; Schema: public; Owner: postgres
--

ALTER TABLE ONLY public.equipments ALTER COLUMN id SET DEFAULT nextval('public.equipments_id_seq'::regclass);


--
-- TOC entry 4768 (class 2604 OID 16429)
-- Name: users id; Type: DEFAULT; Schema: public; Owner: postgres
--

ALTER TABLE ONLY public.users ALTER COLUMN id SET DEFAULT nextval('public.users_id_seq'::regclass);


--
-- TOC entry 4974 (class 0 OID 16493)
-- Dependencies: 222
-- Data for Name: activity_logs; Type: TABLE DATA; Schema: public; Owner: postgres
--

COPY public.activity_logs (id, action, created_at, detail, target_id, target_type, user_id, user_name) FROM stdin;
1	RETRY_EMAIL	2026-06-04 00:50:55.313003	{"subject":"[BorrowApp] Sắp đến hạn trả thiết bị","to":"student2@test.com","retryCount":2}	1	NOTIFICATION_LOG	\N	SYSTEM
2	RETRY_EMAIL	2026-06-05 13:10:57.969614	{"to":"student2@test.com","subject":"[BorrowApp] Sắp đến hạn trả thiết bị","retryCount":3}	1	NOTIFICATION_LOG	\N	SYSTEM
3	RETRY_EMAIL	2026-06-05 13:23:49.603047	{"subject":"[BorrowApp] Sắp đến hạn trả thiết bị","to":"student2@test.com","retryCount":4}	1	NOTIFICATION_LOG	\N	SYSTEM
4	RETRY_EMAIL	2026-06-05 13:42:24.967591	{"subject":"[BorrowApp] Sắp đến hạn trả thiết bị","to":"student2@test.com","retryCount":5}	1	NOTIFICATION_LOG	\N	SYSTEM
5	CREATE_DEVICE	2026-06-05 23:03:27.232568	Tạo thiết bị: Máy chiếu Epson, số lượng: 5	2	EQUIPMENT	3	\N
6	CREATE_DEVICE	2026-06-05 23:06:59.534225	Tạo thiết bị: Máy chiếu Epson V2, số lượng: 8	3	EQUIPMENT	3	\N
7	UPDATE_DEVICE	2026-06-05 23:07:36.664739	Cập nhật thiết bị: Máy chiếu Epson V2	3	EQUIPMENT	3	\N
9	UPDATE_STOCK	2026-06-05 23:10:30.431776	Cập nhật kho thiết bị 'Máy chiếu Epson V2': số lượng mới=10, lý do=Nhập thêm hàng tháng 6	3	EQUIPMENT	3	\N
10	DELETE_DEVICE	2026-06-05 23:11:10.421974	Xóa thiết bị: Máy chiếu Epson V2	3	EQUIPMENT	3	\N
11	ADJUST_PENALTY	2026-06-05 23:12:37.542845	delta=3, reason=Vi phạm quy định	4	USER	3	\N
12	ADJUST_PENALTY	2026-06-05 23:12:57.153784	delta=-1, reason=Điều chỉnh lại	4	USER	3	\N
13	ADJUST_PENALTY	2026-06-05 23:13:25.766166	delta=10, reason=Test auto lock	4	USER	3	\N
14	CREATE_REQUEST	2026-06-06 04:03:07.583254	Sinh viên tạo yêu cầu mượn thiết bị: Máy chiếu	5	REQUEST	2	\N
16	LOGIN	2026-06-06 13:43:26.376802	Đăng nhập thành công	14	USER	14	\N
17	LOGIN	2026-06-06 13:43:26.376802	Đăng nhập thành công	20	USER	20	\N
18	CREATE_DEVICE	2026-06-06 13:43:26.376802	Tạo thiết bị: Máy chiếu Epson, số lượng: 3	1	EQUIPMENT	14	\N
19	CREATE_DEVICE	2026-06-06 13:43:26.376802	Tạo thiết bị: Loa Bluetooth JBL, số lượng: 5	2	EQUIPMENT	14	\N
20	CREATE_DEVICE	2026-06-06 13:43:26.376802	Tạo thiết bị: Máy ảnh Canon EOS, số lượng: 2	3	EQUIPMENT	14	\N
21	CREATE_REQUEST	2026-06-06 13:43:26.376802	Tạo yêu cầu mượn Máy chiếu Epson	1	REQUEST	20	\N
22	CREATE_REQUEST	2026-06-06 13:43:26.376802	Tạo yêu cầu mượn Máy chiếu Epson	2	REQUEST	15	\N
23	APPROVE_REQUEST	2026-06-06 13:43:26.376802	Duyệt yêu cầu mượn của Nguyễn Văn An	1	REQUEST	14	\N
24	APPROVE_REQUEST	2026-06-06 13:43:26.376802	Duyệt yêu cầu mượn của Trần Thị Bình	2	REQUEST	14	\N
25	REJECT_REQUEST	2026-06-06 13:43:26.376802	Từ chối: Thiết bị đang bảo trì	9	REQUEST	14	\N
26	REJECT_REQUEST	2026-06-06 13:43:26.376802	Từ chối: Số lượng không đủ	10	REQUEST	14	\N
27	RETURN_REQUEST	2026-06-06 13:43:26.376802	Xác nhận trả thiết bị: Loa Bluetooth JBL	11	REQUEST	14	\N
28	ADJUST_PENALTY	2026-06-06 13:43:26.376802	delta=8, reason=Điều chỉnh thủ công: vi phạm nhiều lần	18	USER	14	\N
29	UPDATE_STOCK	2026-06-06 13:43:26.376802	Cập nhật kho Loa Bluetooth JBL: số lượng mới=5, lý do=Nhập thêm	2	EQUIPMENT	14	\N
\.


--
-- TOC entry 4972 (class 0 OID 16444)
-- Dependencies: 220
-- Data for Name: borrow_requests; Type: TABLE DATA; Schema: public; Owner: postgres
--

COPY public.borrow_requests (id, user_id, equipment_id, start_date, end_date, status, note, reason, penalty_applied, created_at) FROM stdin;
3	2	1	2026-07-01	2026-07-05	PENDING	Mượn cho sự kiện tháng 7	\N	f	2026-05-28 15:27:14.633348
2	2	1	2026-06-01	2026-06-04	APPROVED	Mượn để tổ chức sự kiện	Thiết bị đang bảo trì	f	2026-05-28 15:04:30.157848
1	1	1	2026-05-25	2026-05-01	OVERDUE	Mượn để tổ chức sự kiện	\N	t	2026-05-24 12:33:48.370784
4	2	1	2026-08-01	2026-08-05	PENDING	test	\N	f	2026-06-06 03:52:59.024894
5	2	1	2026-08-01	2026-08-05	PENDING	test	\N	f	2026-06-06 04:03:07.495327
36	20	1	2026-06-05	2026-06-20	APPROVED	Dùng cho buổi thuyết trình CLB	\N	f	2026-06-06 13:36:20.572328
37	15	1	2026-06-10	2026-06-15	APPROVED	Hội thảo khoa học	\N	f	2026-06-06 13:36:20.572328
38	17	2	2026-06-07	2026-06-12	APPROVED	Sự kiện văn nghệ	\N	f	2026-06-06 13:36:20.572328
39	16	2	2026-06-15	2026-06-22	APPROVED	Buổi sinh hoạt CLB	\N	f	2026-06-06 13:36:20.572328
40	20	5	2026-06-08	2026-06-10	APPROVED	Ghi âm podcast CLB	\N	f	2026-06-06 13:36:20.572328
41	15	3	2026-06-20	2026-06-25	PENDING	Chụp ảnh sự kiện tổng kết	\N	f	2026-06-06 13:36:20.572328
42	17	4	2026-06-18	2026-06-19	PENDING	Họp ban chấp hành	\N	f	2026-06-06 13:36:20.572328
43	16	6	2026-07-01	2026-07-05	PENDING	Chiếu phim ngoài trời	\N	f	2026-06-06 13:36:20.572328
44	15	7	2026-06-10	2026-06-12	REJECTED	Quay phóng sự CLB	Thiết bị đang bảo trì, vui lòng đăng ký lại sau ngày 20/6	f	2026-06-06 13:36:20.572328
45	16	3	2026-06-05	2026-06-07	REJECTED	Dự án nhiếp ảnh	Số lượng không đủ trong khoảng thời gian này	f	2026-06-06 13:36:20.572328
46	20	2	2026-05-10	2026-05-15	RETURNED	Sự kiện chào tân sinh viên	\N	f	2026-06-06 13:36:20.572328
47	17	4	2026-05-20	2026-05-22	RETURNED	Họp toàn thể CLB	\N	f	2026-06-06 13:36:20.572328
48	15	1	2026-05-01	2026-05-05	RETURNED	Thuyết trình đồ án	\N	f	2026-06-06 13:36:20.572328
49	16	2	2026-05-20	2026-05-28	OVERDUE	Biểu diễn âm nhạc	\N	t	2026-06-06 13:36:20.572328
50	18	5	2026-05-15	2026-05-25	OVERDUE	Ghi âm CLB	\N	t	2026-06-06 13:36:20.572328
\.


--
-- TOC entry 4968 (class 0 OID 16400)
-- Dependencies: 216
-- Data for Name: equipments; Type: TABLE DATA; Schema: public; Owner: postgres
--

COPY public.equipments (id, name, description, total_quantity, available_quantity, image_url, is_deleted, created_at, category) FROM stdin;
1	Máy chiếu	Máy chiếu HDMI 1080p	5	5	\N	f	2026-05-24 12:33:41.587981	\N
2	Máy chiếu Epson	Máy chiếu full HD	5	5	/uploads/test.jpg	f	2026-06-05 23:03:27.166834	Điện tử
3	Máy chiếu Epson V2	Full HD nâng cấp	10	10	/uploads/test.jpg	t	2026-06-05 23:06:59.515546	Điện tử
4	Máy chiếu Epson	Full HD, 3500 lumens, kết nối HDMI/VGA	3	1	\N	f	2026-06-06 13:22:50.117293	Điện tử
5	Loa Bluetooth JBL	Chống nước IPX7, pin 12 giờ	5	3	\N	f	2026-06-06 13:22:50.117293	Âm thanh
6	Máy ảnh Canon EOS	DSLR 24MP, kèm ống kính 18-55mm	2	2	\N	f	2026-06-06 13:22:50.117293	Nhiếp ảnh
7	Bộ bàn ghế gấp	Bàn + 4 ghế, xếp gọn tiện lợi	10	10	\N	f	2026-06-06 13:22:50.117293	Nội thất
8	Micro không dây	UHF 2 kênh, chống nhiễu tốt	4	3	\N	f	2026-06-06 13:22:50.117293	Âm thanh
9	Màn chiếu 100 inch	Màn chiếu treo tường, tỉ lệ 4:3	2	2	\N	f	2026-06-06 13:22:50.117293	Điện tử
10	Máy quay Sony	Quay 4K, chống rung quang học	1	1	\N	f	2026-06-06 13:22:50.117293	Nhiếp ảnh
\.


--
-- TOC entry 4976 (class 0 OID 16502)
-- Dependencies: 224
-- Data for Name: notification_logs; Type: TABLE DATA; Schema: public; Owner: postgres
--

COPY public.notification_logs (id, body, created_at, error_message, retry_count, status, subject, to_email, updated_at) FROM stdin;
7	<p>Xin chào Cường...</p>	2026-06-06 13:41:54.078654	Authentication failed	5	FAILED	[BorrowApp] Yêu cầu mượn bị từ chối	cuong@gmail.com	2026-06-06 14:34:13.130741
1	<div style="font-family: Arial, sans-serif; padding: 20px;">\n    <h3>Xin chào Nguyen Van A,</h3>\n    <p>Đây là nhắc nhở từ hệ thống BorrowApp.</p>\n    <p>Yêu cầu mượn thiết bị <strong>Máy chiếu</strong> của bạn sẽ hết hạn vào ngày <strong>04/06/2026</strong>.</p>\n    <p>Vui lòng trả thiết bị đúng hạn để tránh bị tính điểm phạt.</p>\n    <br/>\n    <p>Trân trọng,<br/>BorrowApp</p>\n</div>\n	2026-06-04 00:37:09.208147	Authentication failed	5	FAILED	[BorrowApp] Sắp đến hạn trả thiết bị	student2@test.com	2026-06-05 13:42:25.01706
3	<p>Xin chào An...</p>	2026-06-06 13:41:54.078654	\N	0	SUCCESS	[BorrowApp] Yêu cầu mượn đã được duyệt	an@gmail.com	2026-06-06 13:41:54.078654
4	<p>Xin chào Bình...</p>	2026-06-06 13:41:54.078654	\N	0	SUCCESS	[BorrowApp] Yêu cầu mượn đã được duyệt	binh@gmail.com	2026-06-06 13:41:54.078654
5	<p>Xin chào Dung...</p>	2026-06-06 13:41:54.078654	\N	0	SUCCESS	[BorrowApp] Yêu cầu mượn đã được duyệt	dung@gmail.com	2026-06-06 13:41:54.078654
6	<p>Xin chào Bình...</p>	2026-06-06 13:41:54.078654	\N	0	SUCCESS	[BorrowApp] Yêu cầu mượn bị từ chối	binh@gmail.com	2026-06-06 13:41:54.078654
8	Thiết bị sắp hết hạn...	2026-06-06 13:41:54.078654	\N	0	SUCCESS	[BorrowApp] Nhắc nhở: Sắp đến hạn trả	an@gmail.com	2026-06-06 13:41:54.078654
10	Thiết bị đã quá hạn...	2026-06-06 13:41:54.078654	\N	0	SUCCESS	[BorrowApp] Cảnh báo: Quá hạn trả thiết bị	em@gmail.com	2026-06-06 13:41:54.078654
9	Thiết bị đã quá hạn...	2026-06-06 13:41:54.078654	Authentication failed	5	FAILED	[BorrowApp] Cảnh báo: Quá hạn trả thiết bị	cuong@gmail.com	2026-06-06 14:19:13.368064
\.


--
-- TOC entry 4978 (class 0 OID 16511)
-- Dependencies: 226
-- Data for Name: notifications; Type: TABLE DATA; Schema: public; Owner: postgres
--

COPY public.notifications (id, created_at, link, message, read_at, recipient_email, user_id, status, title, type) FROM stdin;
1	2026-06-04 00:37:09.044106	/requests/2	Yêu cầu mượn "Máy chiếu" sẽ hết hạn vào ngày 04/06/2026. Vui lòng trả đúng hạn nhé.	\N	student2@test.com	2	UNREAD	Sắp đến hạn trả thiết bị	REQUEST_DUE_SOON
4	2026-06-06 13:40:47.128104	/requests/1	Yêu cầu mượn "Máy chiếu Epson" đã được duyệt.	\N	an@gmail.com	20	READ	Yêu cầu được duyệt	REQUEST_APPROVED
5	2026-06-06 13:40:47.128104	/requests/2	Yêu cầu mượn "Máy chiếu Epson" đã được duyệt.	\N	binh@gmail.com	15	UNREAD	Yêu cầu được duyệt	REQUEST_APPROVED
6	2026-06-06 13:40:47.128104	/requests/3	Yêu cầu mượn "Loa Bluetooth JBL" đã được duyệt.	\N	dung@gmail.com	17	UNREAD	Yêu cầu được duyệt	REQUEST_APPROVED
7	2026-06-06 13:40:47.128104	/requests/9	Yêu cầu mượn "Máy quay Sony" bị từ chối.	\N	binh@gmail.com	15	READ	Yêu cầu bị từ chối	REQUEST_REJECTED
8	2026-06-06 13:40:47.128104	/requests/10	Yêu cầu mượn "Máy ảnh Canon EOS" bị từ chối.	\N	cuong@gmail.com	16	UNREAD	Yêu cầu bị từ chối	REQUEST_REJECTED
9	2026-06-06 13:40:47.128104	/requests/1	Thiết bị "Máy chiếu Epson" hết hạn vào 20/06/2026.	\N	an@gmail.com	20	UNREAD	Sắp đến hạn trả	REQUEST_DUE_SOON
10	2026-06-06 13:40:47.128104	/requests/14	Thiết bị "Loa Bluetooth JBL" đã quá hạn 9 ngày.	\N	cuong@gmail.com	16	UNREAD	Quá hạn trả thiết bị	REQUEST_OVERDUE
11	2026-06-06 13:40:47.128104	/requests/15	Thiết bị "Micro không dây" đã quá hạn 11 ngày.	\N	em@gmail.com	18	UNREAD	Quá hạn trả thiết bị	REQUEST_OVERDUE
\.


--
-- TOC entry 4980 (class 0 OID 16531)
-- Dependencies: 228
-- Data for Name: penalties; Type: TABLE DATA; Schema: public; Owner: postgres
--

COPY public.penalties (id, created_at, points, reason, borrow_request_id, user_id, type) FROM stdin;
1	2026-06-05 23:12:37.531542	3	Vi phạm quy định	\N	4	MANUAL_ADJUSTMENT
2	2026-06-05 23:12:57.148455	-1	Điều chỉnh lại	\N	4	MANUAL_ADJUSTMENT
3	2026-06-05 23:13:25.76294	10	Test auto lock	\N	4	MANUAL_ADJUSTMENT
4	\N	3	Quá hạn 9 ngày	\N	16	AUTO
5	\N	3	Quá hạn 11 ngày	\N	18	AUTO
6	\N	8	Điều chỉnh thủ công: vi phạm nhiều lần	\N	18	MANUAL_ADJUSTMENT
7	\N	3	Trả thiết bị bị hỏng	\N	15	MANUAL_ADJUSTMENT
\.


--
-- TOC entry 4970 (class 0 OID 16426)
-- Dependencies: 218
-- Data for Name: users; Type: TABLE DATA; Schema: public; Owner: postgres
--

COPY public.users (id, full_name, student_code, email, password, role, penalty_point, is_locked, is_deleted, created_at) FROM stdin;
2	Nguyen Van A	SV002	student2@test.com	$2a$10$7Qvow7vSdq5N.yRnrQ8AzuF0nToqrEAKdbHcgvqf4asoRtw4kFMfm	STUDENT	0	f	f	2026-05-28 14:59:18.078278
3	Admin	ADMIN001	admin@test.com	$2a$10$u.GKOC.NLkwhjlCkQKk.0eXPF2KdYAkAss0AzD.FBTp2AJXgnJqJq	ADMIN	0	f	f	2026-05-28 15:11:00.500263
1	Nguyen Van A	SV001	student@gmail.com	$2a$10$1.tya32Nh063WohWuIFSfOeMJ0pUdbPGSresvXYkKuRscGdUqDSRK	STUDENT	3	f	f	2026-05-24 02:17:57.709957
4	Nguyễn Test	SV005	test@gmail.com	$2a$10$G5dvvlWmSm.GJduLb3DBiuugN0fRs.xwF9F/trvR.MJdhfBNPtAWa	STUDENT	12	t	f	2026-06-05 13:14:40.736434
14	Admin Hệ Thống	AD001	admin@borrowapp.com	$2a$10$N.zmdr9zkFUAs3oBQ8GTSeHfW1V.EGMBBqeQSBFKiHXqiSHMiMoKW	ADMIN	0	f	f	2026-06-06 13:22:33.733276
15	Trần Thị Bình	SV006	binh@gmail.com	$2a$10$N.zmdr9zkFUAs3oBQ8GTSeHfW1V.EGMBBqeQSBFKiHXqiSHMiMoKW	STUDENT	3	f	f	2026-06-06 13:22:33.733276
16	Lê Văn Cường	SV003	cuong@gmail.com	$2a$10$N.zmdr9zkFUAs3oBQ8GTSeHfW1V.EGMBBqeQSBFKiHXqiSHMiMoKW	STUDENT	9	f	f	2026-06-06 13:22:33.733276
17	Phạm Thị Dung	SV004	dung@gmail.com	$2a$10$N.zmdr9zkFUAs3oBQ8GTSeHfW1V.EGMBBqeQSBFKiHXqiSHMiMoKW	STUDENT	0	f	f	2026-06-06 13:22:33.733276
18	Hoàng Văn Em	SV007	em@gmail.com	$2a$10$N.zmdr9zkFUAs3oBQ8GTSeHfW1V.EGMBBqeQSBFKiHXqiSHMiMoKW	STUDENT	11	t	f	2026-06-06 13:22:33.733276
20	Nguyễn Văn An	SV008	an@gmail.com	$2a$10$N.zmdr9zkFUAs3oBQ8GTSeHfW1V.EGMBBqeQSBFKiHXqiSHMiMoKW	STUDENT	0	f	f	2026-06-06 13:31:19.026396
\.


--
-- TOC entry 4989 (class 0 OID 0)
-- Dependencies: 221
-- Name: activity_logs_id_seq; Type: SEQUENCE SET; Schema: public; Owner: postgres
--

SELECT pg_catalog.setval('public.activity_logs_id_seq', 29, true);


--
-- TOC entry 4990 (class 0 OID 0)
-- Dependencies: 219
-- Name: borrow_requests_id_seq; Type: SEQUENCE SET; Schema: public; Owner: postgres
--

SELECT pg_catalog.setval('public.borrow_requests_id_seq', 50, true);


--
-- TOC entry 4991 (class 0 OID 0)
-- Dependencies: 215
-- Name: equipments_id_seq; Type: SEQUENCE SET; Schema: public; Owner: postgres
--

SELECT pg_catalog.setval('public.equipments_id_seq', 10, true);


--
-- TOC entry 4992 (class 0 OID 0)
-- Dependencies: 223
-- Name: notification_logs_id_seq; Type: SEQUENCE SET; Schema: public; Owner: postgres
--

SELECT pg_catalog.setval('public.notification_logs_id_seq', 10, true);


--
-- TOC entry 4993 (class 0 OID 0)
-- Dependencies: 225
-- Name: notifications_id_seq; Type: SEQUENCE SET; Schema: public; Owner: postgres
--

SELECT pg_catalog.setval('public.notifications_id_seq', 11, true);


--
-- TOC entry 4994 (class 0 OID 0)
-- Dependencies: 227
-- Name: penalties_id_seq; Type: SEQUENCE SET; Schema: public; Owner: postgres
--

SELECT pg_catalog.setval('public.penalties_id_seq', 7, true);


--
-- TOC entry 4995 (class 0 OID 0)
-- Dependencies: 217
-- Name: users_id_seq; Type: SEQUENCE SET; Schema: public; Owner: postgres
--

SELECT pg_catalog.setval('public.users_id_seq', 21, true);


--
-- TOC entry 4799 (class 2606 OID 16500)
-- Name: activity_logs activity_logs_pkey; Type: CONSTRAINT; Schema: public; Owner: postgres
--

ALTER TABLE ONLY public.activity_logs
    ADD CONSTRAINT activity_logs_pkey PRIMARY KEY (id);


--
-- TOC entry 4794 (class 2606 OID 16454)
-- Name: borrow_requests borrow_requests_pkey; Type: CONSTRAINT; Schema: public; Owner: postgres
--

ALTER TABLE ONLY public.borrow_requests
    ADD CONSTRAINT borrow_requests_pkey PRIMARY KEY (id);


--
-- TOC entry 4785 (class 2606 OID 16411)
-- Name: equipments equipments_pkey; Type: CONSTRAINT; Schema: public; Owner: postgres
--

ALTER TABLE ONLY public.equipments
    ADD CONSTRAINT equipments_pkey PRIMARY KEY (id);


--
-- TOC entry 4811 (class 2606 OID 16509)
-- Name: notification_logs notification_logs_pkey; Type: CONSTRAINT; Schema: public; Owner: postgres
--

ALTER TABLE ONLY public.notification_logs
    ADD CONSTRAINT notification_logs_pkey PRIMARY KEY (id);


--
-- TOC entry 4816 (class 2606 OID 16519)
-- Name: notifications notifications_pkey; Type: CONSTRAINT; Schema: public; Owner: postgres
--

ALTER TABLE ONLY public.notifications
    ADD CONSTRAINT notifications_pkey PRIMARY KEY (id);


--
-- TOC entry 4818 (class 2606 OID 16535)
-- Name: penalties penalties_pkey; Type: CONSTRAINT; Schema: public; Owner: postgres
--

ALTER TABLE ONLY public.penalties
    ADD CONSTRAINT penalties_pkey PRIMARY KEY (id);


--
-- TOC entry 4788 (class 2606 OID 16442)
-- Name: users users_email_key; Type: CONSTRAINT; Schema: public; Owner: postgres
--

ALTER TABLE ONLY public.users
    ADD CONSTRAINT users_email_key UNIQUE (email);


--
-- TOC entry 4790 (class 2606 OID 16438)
-- Name: users users_pkey; Type: CONSTRAINT; Schema: public; Owner: postgres
--

ALTER TABLE ONLY public.users
    ADD CONSTRAINT users_pkey PRIMARY KEY (id);


--
-- TOC entry 4792 (class 2606 OID 16479)
-- Name: users users_student_code_key; Type: CONSTRAINT; Schema: public; Owner: postgres
--

ALTER TABLE ONLY public.users
    ADD CONSTRAINT users_student_code_key UNIQUE (student_code);


--
-- TOC entry 4800 (class 1259 OID 16521)
-- Name: idx_activity_action; Type: INDEX; Schema: public; Owner: postgres
--

CREATE INDEX idx_activity_action ON public.activity_logs USING btree (action);


--
-- TOC entry 4801 (class 1259 OID 16523)
-- Name: idx_activity_created_at; Type: INDEX; Schema: public; Owner: postgres
--

CREATE INDEX idx_activity_created_at ON public.activity_logs USING btree (created_at);


--
-- TOC entry 4802 (class 1259 OID 16522)
-- Name: idx_activity_target; Type: INDEX; Schema: public; Owner: postgres
--

CREATE INDEX idx_activity_target ON public.activity_logs USING btree (target_type, target_id);


--
-- TOC entry 4803 (class 1259 OID 16520)
-- Name: idx_activity_user_id; Type: INDEX; Schema: public; Owner: postgres
--

CREATE INDEX idx_activity_user_id ON public.activity_logs USING btree (user_id);


--
-- TOC entry 4804 (class 1259 OID 16547)
-- Name: idx_alog_action; Type: INDEX; Schema: public; Owner: postgres
--

CREATE INDEX idx_alog_action ON public.activity_logs USING btree (action);


--
-- TOC entry 4805 (class 1259 OID 16548)
-- Name: idx_alog_created_at; Type: INDEX; Schema: public; Owner: postgres
--

CREATE INDEX idx_alog_created_at ON public.activity_logs USING btree (created_at);


--
-- TOC entry 4806 (class 1259 OID 16546)
-- Name: idx_alog_user_id; Type: INDEX; Schema: public; Owner: postgres
--

CREATE INDEX idx_alog_user_id ON public.activity_logs USING btree (user_id);


--
-- TOC entry 4795 (class 1259 OID 16466)
-- Name: idx_borrow_requests_equipment_id; Type: INDEX; Schema: public; Owner: postgres
--

CREATE INDEX idx_borrow_requests_equipment_id ON public.borrow_requests USING btree (equipment_id);


--
-- TOC entry 4796 (class 1259 OID 16469)
-- Name: idx_borrow_requests_status; Type: INDEX; Schema: public; Owner: postgres
--

CREATE INDEX idx_borrow_requests_status ON public.borrow_requests USING btree (status);


--
-- TOC entry 4797 (class 1259 OID 16465)
-- Name: idx_borrow_requests_user_id; Type: INDEX; Schema: public; Owner: postgres
--

CREATE INDEX idx_borrow_requests_user_id ON public.borrow_requests USING btree (user_id);


--
-- TOC entry 4786 (class 1259 OID 16412)
-- Name: idx_equipments_is_deleted; Type: INDEX; Schema: public; Owner: postgres
--

CREATE INDEX idx_equipments_is_deleted ON public.equipments USING btree (is_deleted);


--
-- TOC entry 4807 (class 1259 OID 16526)
-- Name: idx_nlog_created_at; Type: INDEX; Schema: public; Owner: postgres
--

CREATE INDEX idx_nlog_created_at ON public.notification_logs USING btree (created_at);


--
-- TOC entry 4808 (class 1259 OID 16524)
-- Name: idx_nlog_status; Type: INDEX; Schema: public; Owner: postgres
--

CREATE INDEX idx_nlog_status ON public.notification_logs USING btree (status);


--
-- TOC entry 4809 (class 1259 OID 16525)
-- Name: idx_nlog_to_email; Type: INDEX; Schema: public; Owner: postgres
--

CREATE INDEX idx_nlog_to_email ON public.notification_logs USING btree (to_email);


--
-- TOC entry 4812 (class 1259 OID 16529)
-- Name: idx_notif_created_at; Type: INDEX; Schema: public; Owner: postgres
--

CREATE INDEX idx_notif_created_at ON public.notifications USING btree (created_at);


--
-- TOC entry 4813 (class 1259 OID 16528)
-- Name: idx_notif_status; Type: INDEX; Schema: public; Owner: postgres
--

CREATE INDEX idx_notif_status ON public.notifications USING btree (status);


--
-- TOC entry 4814 (class 1259 OID 16527)
-- Name: idx_notif_user_id; Type: INDEX; Schema: public; Owner: postgres
--

CREATE INDEX idx_notif_user_id ON public.notifications USING btree (user_id);


--
-- TOC entry 4819 (class 2606 OID 16460)
-- Name: borrow_requests borrow_requests_equipment_id_fkey; Type: FK CONSTRAINT; Schema: public; Owner: postgres
--

ALTER TABLE ONLY public.borrow_requests
    ADD CONSTRAINT borrow_requests_equipment_id_fkey FOREIGN KEY (equipment_id) REFERENCES public.equipments(id);


--
-- TOC entry 4820 (class 2606 OID 16455)
-- Name: borrow_requests borrow_requests_user_id_fkey; Type: FK CONSTRAINT; Schema: public; Owner: postgres
--

ALTER TABLE ONLY public.borrow_requests
    ADD CONSTRAINT borrow_requests_user_id_fkey FOREIGN KEY (user_id) REFERENCES public.users(id);


--
-- TOC entry 4821 (class 2606 OID 16549)
-- Name: activity_logs fk5bm1lt4f4eevt8lv2517soakd; Type: FK CONSTRAINT; Schema: public; Owner: postgres
--

ALTER TABLE ONLY public.activity_logs
    ADD CONSTRAINT fk5bm1lt4f4eevt8lv2517soakd FOREIGN KEY (user_id) REFERENCES public.users(id);


--
-- TOC entry 4822 (class 2606 OID 16541)
-- Name: penalties fkcg1voa99us9fw9sdh7d6pis27; Type: FK CONSTRAINT; Schema: public; Owner: postgres
--

ALTER TABLE ONLY public.penalties
    ADD CONSTRAINT fkcg1voa99us9fw9sdh7d6pis27 FOREIGN KEY (user_id) REFERENCES public.users(id);


--
-- TOC entry 4823 (class 2606 OID 16536)
-- Name: penalties fksj6whj0d8sxcx3b4ajt9c9vty; Type: FK CONSTRAINT; Schema: public; Owner: postgres
--

ALTER TABLE ONLY public.penalties
    ADD CONSTRAINT fksj6whj0d8sxcx3b4ajt9c9vty FOREIGN KEY (borrow_request_id) REFERENCES public.borrow_requests(id);


-- Completed on 2026-06-06 17:00:17

--
-- PostgreSQL database dump complete
--

\unrestrict SU4KsAXvZbqBDtMurqLanKBulNccEBEw9popgeZnqW6hu6S5hFZGqanAqhrCBUJ

